id;user_id;uid;created;file_name;expired
1;18251;03d46cbb-ba88-4bb5-b3c9-1aeb9a53ef97;2021-01-31T14:50:43;primary networks Granite;2021-01-31T18:01:22
2;71676;27aec9ed-3098-4eed-9993-13cc6bfc0b29;2021-01-31T03:38:20;parsing;2021-01-31T10:17:22
3;61248;aecad6ad-30bd-4d06-ad5d-bd4220c707d5;2021-01-31T14:23:45;Music Senior;2021-01-30T20:05:04
4;83585;02f7a0e8-18a4-4617-aa3f-2ce78c992f3b;2021-01-30T23:04:11;Soap Creative;2021-01-31T03:20:50
5;38787;2197a49e-e563-44f1-b67b-bb59e0f68c8f;2021-01-31T12:48:32;PNG;2021-01-31T13:48:13
6;2446;124356ec-30c3-4b9f-9c27-290b452df232;2021-01-30T21:13:57;PCI distributed models;2021-01-30T19:11:19
7;50715;c8344812-423d-4283-ad68-e1f584f695c5;2021-01-31T03:05:33;hard drive attitude Lari;2021-01-31T15:40:02
8;1056;b2cdeeb4-349b-4c7d-9f7f-cc7ae86f3d57;2021-01-30T19:26:11;Jamaica Shoes;2021-01-31T00:19:47
9;39903;b64a583b-f6fb-4799-86ea-529fef3977a7;2021-01-31T17:01:12;1080p;2021-01-30T18:55:40
10;64773;ec58e762-e693-4526-881d-0c7ad3f1c6f5;2021-01-31T14:07:18;Rustic;2021-01-31T13:02:54
